video_id,title,channel_id,uploader,clean_title
wmf_erb-pMo,11 コイカツ   Koikatsu   戀活 MMD   4K   60FPS 梅亞メア おねがいダーリンOnegai Darling,UC3JNb2eUxc434Yx65k8AhhQ,七星破軍,11 コイカツ   koikatsu   戀活 mmd   4k   60fps 梅亞メア おねがいダーリンonegai darling
EDTwuYIXjE0,[MMD][III][団長][船長][4K],UCa4WxWlTUkmjmA4BP2qvUTg,kusemono,mmdiii団長船長4k
JLBvYt3KzII,[MMD]Cartethyia/卡提希娅 -Got that boom,UClNoI72uN6DjMnhTHDCgbmQ,Juicy_lalulalu,mmdcartethyia卡提希娅 got that boom
Jv4fm4RGkFo,[MMD][ELECT][風真いろは][4K],UCa4WxWlTUkmjmA4BP2qvUTg,kusemono,mmdelect風真いろは4k
61psihTHRAI,Yinlin & Camellya Killer Lady ,UCdebBbxqzNvwbaYj2Lc5ixw,Faceless D1,yinlin  camellya killer lady
znRYA8wdEKU,Toki Bunny l Spicy ,UCdebBbxqzNvwbaYj2Lc5ixw,Faceless D1,toki bunny l spicy
Ns8IVkZZPIk,Phoebe l Shake It MMD ,UCdebBbxqzNvwbaYj2Lc5ixw,Faceless D1,phoebe l shake it mmd
ehz87prQzEg,10 コイカツ   Koikatsu   戀活 MMD   4K   60FPS 梅亞メア 世界は恋に落ちている,UC3JNb2eUxc434Yx65k8AhhQ,七星破軍,10 コイカツ   koikatsu   戀活 mmd   4k   60fps 梅亞メア 世界は恋に落ちている
FLxlRNln7Bs,【VRoid MMD】ハイファイレイヴァー【紳士向け】,UCGlnAU78qskDI5xTQ40cGMA,芽栖御菜穂,vroid mmdハイファイレイヴァー紳士向け
byA0txnSkv8,妃咲   Up & Down,UC4jMW16XK0l5HQZSxji8YvA,久保Lemon,妃咲   up  down
U-5quJfrsoI,9 コイカツ MMD 4K 60FPS 梅亞メア  Deep Blue Song,UC3JNb2eUxc434Yx65k8AhhQ,七星破軍,9 コイカツ mmd 4k 60fps 梅亞メア  deep blue song
Qr_VWvXaHZw,【Blue Archive/MMD】  ライカ  【月雪ミヤコ】,UCMP6ksxrlhvXUt9LI5hEbPA,Rapid Sendai City Rabbit,blue archivemmd  ライカ  月雪ミヤコ
0QnxjbQvfYI, 紳士向け MMD  Rabbit Hole - Usada Pekora  Bunny Girl Ver  / 兎田ぺこら / 18+ MMD ,UCqH-cWzUcbx90s-OQUm-eAg,Astra lumina,紳士向け mmd  rabbit hole  usada pekora  bunny girl ver   兎田ぺこら  18 mmd
IHbW9ieR1ig,[艦これMMD] Say So - 有明 ビキニ  Ariake Bikini Thick body【4K/60FPS ムチムチ×2】,UCEVPsU6C_Jz0iKd92b-h3DQ,トシロー / Tosshy,艦これmmd say so  有明 ビキニ  ariake bikini thick body4k60fps ムチムチ2
Yvp6uJsiwxI, 紳士向け MMD  宝鐘マリン & 兎田ぺこら 『愛包ダンスホール』MMD  セクシーペアダンス 4K対応  Marine & Pekora MMD R18 MMD  ,UCqH-cWzUcbx90s-OQUm-eAg,Astra lumina,紳士向け mmd  宝鐘マリン  兎田ぺこら 愛包ダンスホールmmd  セクシーペアダンス 4k対応  marine  pekora mmd r18 mmd
Yo4qobc-w18,【MMD】Sweet Devil (Live Version)【Atelier Ryza】,UCmClRY4gFJ2Ibx-D2nrEpmQ,T24 Giabbit,mmdsweet devil live versionatelier ryza
yOqpfRYzY90,【紳士ＭＭＤ】百鬼あやめでking 【ホロライブ】,UCo3zCGUf4vzlEyR0fNmtGaw,人生右打ち,紳士ｍｍｄ百鬼あやめでking ホロライブ
Ts3E0urIDWM,【MMD R18】ラビットホール / 沙花叉クロヱ 【4K】,UCABMYnN6-AOs7FzeeE_abLg,ryun63,mmd r18ラビットホール  沙花叉クロヱ 4k
Ts3E0urIDWM,【MMD R18】ラビットホール / 沙花叉クロヱ 【4K】,UCABMYnN6-AOs7FzeeE_abLg,ryun63,mmd r18ラビットホール  沙花叉クロヱ 4k
1bdKrbFoVaY, 紳士向け MMD 【ラビットホール】MIKU / anime dance / 4K 8K / rabbit hole R18 MMD ,UCqH-cWzUcbx90s-OQUm-eAg,Astra lumina,紳士向け mmd ラビットホールmiku  anime dance  4k 8k  rabbit hole r18 mmd
CtOaS7_uY-s,【kankore(艦これ)/MMD】『宇宙空間でラビットホール』/ Rabbit hole in Universe 【4K60F】,UCcHtg_xM5VSb1gvFzxnrbfQ,66 hamu kaze,kankore艦これmmd宇宙空間でラビットホール rabbit hole in universe 4k60f
s67B9hcsCdc,[Deleted video],NA,NA,deleted video
IgPmTqlSlFE,[Deleted video],NA,NA,deleted video
4wt5Ial_IBY,【Koikatsu】Mare(メア) JUMP UP,UCJ3mWoeiKYRteLMLY2r0kJw,七星破軍,koikatsumareメア jump up
L-ZwkHxwBQg,【BLACKPINK-WHISTLE】Cartethyia【MMD】,UCXJeyYitL6aPxE3qNnw8VVg,BanQin,blackpinkwhistlecartethyiammd
eHBfEqPNTRE,【紳士向けMMD】【R18?】ニップレスマリーがCatchTheWaveを踊ってくれました【ブルアカMMD】,UCuJnkXPMi3jsldYaJ06LxFA,Nippless MMD,紳士向けmmdr18ニップレスマリーがcatchthewaveを踊ってくれましたブルアカmmd
5mzqth0VrIk,Skyrim Dance - SECRET NUMBER   Got That Boom,UC5HX1LlvvgAzcjPhTimqoZw,NecroMatic,skyrim dance  secret number   got that boom
849f0XrrZy8,[MMD艦これ] 浜風 で 一騎当千,UCy4zjJtWHc-vmSemAXfLcnA,tao aki,mmd艦これ 浜風 で 一騎当千
S7L66ZNInRY,【MMD】WA DA DA【Oki Aoi - Blue Archive】,UC4-kz8576LaCFv7SF1dzpsw,vvstashi,mmdwa da daoki aoi  blue archive
8i8ZUtqL3ZI,[MMD]Iuno/尤诺 -MMook JJi BBa,UClNoI72uN6DjMnhTHDCgbmQ,Juicy_lalulalu,mmdiuno尤诺 mmook jji bba
CysKtvVcEAY,【Koikatsu】Mare(メア) [A]ddiction,UCJ3mWoeiKYRteLMLY2r0kJw,七星破軍,koikatsumareメア addiction
UAKOVUNKXjc,type_B,UCZAFXJqMFtDKk6wHLOWipOA,469j,type_b
vD34IXpjyMU,【MMD】スキスキ絶頂症／koyori(電ポルP) × レジ × ミクネルリン,UCHDgyjMBz1dyVPr674tcbiQ,hiro 140,mmdスキスキ絶頂症koyori電ポルp  レジ  ミクネルリン
O9XfP3KVpcc,【MMD】Masked bitcH／ギガP × ハクテトGUMI,UCHDgyjMBz1dyVPr674tcbiQ,hiro 140,mmdmasked bitchギガp  ハクテトgumi
37p1bf4yDnA,【MMD】G-Reyish_KKILI KKILI　夏色花梨　紲星あかり　春日部つむぎ　宮舞モカ,UCQZczkc04Uj-vJvMz2ltB_g,スミビヤキ,mmdgreyish_kkili kkili　夏色花梨　紲星あかり　春日部つむぎ　宮舞モカ
mYJ0UJ4xCbQ,MMD☆被害妄想携帯女子(笑)☆SPS式愛宕＆高雄(艦これｘバニー),UCNajTnrZmA9sjM41K4WqfTQ,MMD sanders47,mmd被害妄想携帯女子笑sps式愛宕高雄艦これｘバニー
Mg1aGDjGz3w,【 MMD艦これ 】 Love & Joy 鹿島改,UCEUMVDLz5SLmvwZSjrt3O3Q,notdevault mmd,mmd艦これ  love  joy 鹿島改
6zO2lqYJxLQ,シリアス -『Miniskirt』「8周年おめでとう」〈天狼星|Sirius〉,UCASp23wP_FpAznNVPn30FHw,Rinsyi,シリアス miniskirt8周年おめでとう天狼星sirius
Abgrstvbu0E,【MMD】CH4NGE【Scharnhorst - Blue Oath】,UC4-kz8576LaCFv7SF1dzpsw,vvstashi,mmdch4ngescharnhorst  blue oath
cwZf2JQXTTw,アライブファクター 白瀬咲耶,UCBXW-B8ClhJI8HsRFk_qkMA,Eu4ria R,アライブファクター 白瀬咲耶
j454mA15Ojo,【MMD】Kep1er_WADADA　夏色花梨　花隈千冬　小春六花,UCQZczkc04Uj-vJvMz2ltB_g,スミビヤキ,mmdkep1er_wadada　夏色花梨　花隈千冬　小春六花
oRJIJ3SstVk,【MMD】LUVORATORRRRRY!  夏色花梨　紲星あかり　春日部つむぎ,UCQZczkc04Uj-vJvMz2ltB_g,スミビヤキ,mmdluvoratorrrrry  夏色花梨　紲星あかり　春日部つむぎ
AXtiA5Oct2k,【MMD 】逆バニー 宝鐘マリン Stellar - Marionette【紳士向け】,UC-Wg4fQFN1L6WN50RVq0aKQ,Naito MMD (R18 MMD),mmd 逆バニー 宝鐘マリン stellar  marionette紳士向け
xsRc3iB68cw,【Blue Archive 】KDA【《THE BADDEST》】,UCvtZSf0WWG1TKh2zoSETryA,Dago 1e ,blue archive kdathe baddest
mxAWRqXPjMU, 紳士向け MMD AOA - Miniskirt - Noel  Sexy Knight Ver.   白銀ノエル  4K /  / R18 MMD,UCqH-cWzUcbx90s-OQUm-eAg,Astra lumina,紳士向け mmd aoa  miniskirt  noel  sexy knight ver   白銀ノエル  4k    r18 mmd
EZDDUsrA_wA,Racing Suit Cosplay Rika 城ヶ崎 莉嘉 【Girls】 【Imas/MMD/紳士向け/KKVMD/2K】,UCXoMUH3zgql-m0kVXAx7LUg,Enterprise,racing suit cosplay rika 城ヶ崎 莉嘉 girls imasmmd紳士向けkkvmd2k
mbhfaddLTRg,[MMD]MNF Le Malin/恶毒 -Chewy Chewy,UClNoI72uN6DjMnhTHDCgbmQ,Juicy_lalulalu,mmdmnf le malin恶毒 chewy chewy
4f13aJVLFEQ,【MMD】ヒビカセ (Hibikase)【初音ミク/Hatsune Miku】【4K】,UCIqyU7eVPgY1fZT07rkY9kQ,Shinshi No.52,mmdヒビカセ hibikase初音ミクhatsune miku4k
SpkzX9atWso,【MMD】ILLELLA【鏡音リン / Kagamine Rin】【4K】,UCIqyU7eVPgY1fZT07rkY9kQ,Shinshi No.52,mmdillella鏡音リン  kagamine rin4k
cooI-6EpQsc,【R18 MMD】Api Miku 太陽系デスコ,UCnnGfgDBTvamd_9ONBR7oBQ,Yapi,r18 mmdapi miku 太陽系デスコ
vz5NfG302tM,[Private video],NA,NA,private video
SM3fHJshOA4,【MMD R18】虎視眈々 / 風真いろは沙花叉クロヱ 博衣こより【4K】,UCABMYnN6-AOs7FzeeE_abLg,ryun63,mmd r18虎視眈々  風真いろは沙花叉クロヱ 博衣こより4k
SWJGP7JSKVA,【Koikatsu】Mare(メア) LUVORATORRRRRY!,UCJ3mWoeiKYRteLMLY2r0kJw,七星破軍,koikatsumareメア luvoratorrrrry
agOIo97IKt4,【VRM Live Viewer】爽快奪回Sunlight,UCdpjkfPGm3aB5Rx5VkkpmSw,りん,vrm live viewer爽快奪回sunlight
DNfov-EC3Xc,188)【コイカツ   Koikatsu   戀活 MMD   KKVMD   4K   60FPS】梅亞メア 君の彼女,UC3JNb2eUxc434Yx65k8AhhQ,七星破軍,188コイカツ   koikatsu   戀活 mmd   kkvmd   4k   60fps梅亞メア 君の彼女
jpCR-OpnfaA,【Koikatsu】Mare(メア) Paradise / Gokuraku Jodo,UCJ3mWoeiKYRteLMLY2r0kJw,七星破軍,koikatsumareメア paradise  gokuraku jodo
gQY-8nacicg,【Koikatsu】Mare(メア) 今好きになる,UCJ3mWoeiKYRteLMLY2r0kJw,七星破軍,koikatsumareメア 今好きになる
37RKiTnUFZc,【MMD】千斗いすずさんで Toxic,UCRHmFNZxcXx2ik2JfqlubLg,むぃむぃ,mmd千斗いすずさんで toxic
r0QNm4blLhQ,[MMD]Rosemary/罗斯玛丽 -Snapping,UClNoI72uN6DjMnhTHDCgbmQ,Juicy_lalulalu,mmdrosemary罗斯玛丽 snapping
5dAFgmNbBjs, 紳士向け MMD 『V』Sexy Bunny Twins  VIVI × Pekora MMD  兎女郎 × ハイテンションダンス   R18 MMD / 4K,UCqH-cWzUcbx90s-OQUm-eAg,Astra lumina,紳士向け mmd vsexy bunny twins  vivi  pekora mmd  兎女郎  ハイテンションダンス   r18 mmd  4k
Ag7nQWp1Ino,【東方MMD】水着の十六夜咲夜 で 「ELECT」[4K/60fps],UCZZWzP57T_wjd17sCDobvCg,Maro Shoo,東方mmd水着の十六夜咲夜 で elect4k60fps
O_2pDu0XumU,【KKVMD / MMD】兎田ぺこらxぺこらママ - LADY CRAZY【VTuber】4k 表版,UCrxPQQpUP_Nm_RLcNozvesw,cobby,kkvmd  mmd兎田ぺこらxぺこらママ  lady crazyvtuber4k 表版
0ECCz9Hx-Cw,[MMD]Nekozuka Hibiki/猫冢响 - -DEEP BLUE TOWNへおいでよ,UClNoI72uN6DjMnhTHDCgbmQ,Juicy_lalulalu,mmdnekozuka hibiki猫冢响  deep blue townへおいでよ
xdShMGkD9cQ,[Deleted video],NA,NA,deleted video
9hmVyNFZqpc,[Deleted video],NA,NA,deleted video
475HzXEnM-E,【Hololive MMD】 (Kanata Ver.) Kanata & Chloe - Rabbit Hole,UC0y25vnEmcx-HjAbuF61XVQ,HoloLiveDance,hololive mmd kanata ver kanata  chloe  rabbit hole
N0tcud81LtI,【Fate / 紳士向けMMD】ナイチンゲール「Conqueror」,UC2iGagb9v2kNQVVIe_jLZeQ,ed kamminga,fate  紳士向けmmdナイチンゲールconqueror
dJXmnjE1eDQ,[MMD]Camellya/椿 -Girls,UClNoI72uN6DjMnhTHDCgbmQ,Juicy_lalulalu,mmdcamellya椿 girls
_ErKM8LYJ4U,[MMD]Phrolova/弗洛洛 -Miniskirt,UClNoI72uN6DjMnhTHDCgbmQ,Juicy_lalulalu,mmdphrolova弗洛洛 miniskirt
PvMjFJVULuE,【碧蓝档案MMD】飞鸟马时 CH4NGE,UCQgvChK7OYoDTDkWLF7sJNg,BayMax,碧蓝档案mmd飞鸟马时 ch4nge
cDOi1UwWX2s,Skyrim Dance - 美少女無罪パイレーツ 【hololive】,UC5HX1LlvvgAzcjPhTimqoZw,NecroMatic,skyrim dance  美少女無罪パイレーツ hololive
tGkT7DOb3eY,【KKVMD / MMD】水原千鶴 - Party Tonight【彼女、お借りします】4k 兔女郎 表版,UCrxPQQpUP_Nm_RLcNozvesw,cobby,kkvmd  mmd水原千鶴  party tonight彼女お借りします4k 兔女郎 表版
zp9POv-b44s,【KKVMD / MMD】四宮輝夜x藤原千花x早坂愛x白銀圭   Rollin'【かぐや様は告らせたい】4k 表版,UCrxPQQpUP_Nm_RLcNozvesw,cobby,kkvmd  mmd四宮輝夜x藤原千花x早坂愛x白銀圭   rollinかぐや様は告らせたい4k 表版
4OCvTedGWuI,【 mmd r18 】ウイルスが検出されたVRダンスゲームの潜入調査任務【 おねがいダーリン 】,UCeL9BXnvZMUa-13jw1I2dkg,maroro1077 【MMD R18】,mmd r18 ウイルスが検出されたvrダンスゲームの潜入調査任務 おねがいダーリン
o-s4XCPTzOc,[Deleted video],NA,NA,deleted video
on167m18EFo,【MMD R18】ダーリンダンス - 七詩ムメイ,UCTxTObjhxUAFpUbaVdxNq4g,Erosex,mmd r18ダーリンダンス  七詩ムメイ
Jw2At4I1xz0,【MMD 紳士向け】LO-chanでPINKCAT【オリジナル】,UCo_ATnITWpeh_hzj81oNjXw,GQuX MMD,mmd 紳士向けlochanでpinkcatオリジナル
JMa0NkCnU3Y,[MMD]Phoebe/菲比 -可愛くてごめん,UClNoI72uN6DjMnhTHDCgbmQ,Juicy_lalulalu,mmdphoebe菲比 可愛くてごめん
31rJpxNmqXw,【東方MMD】豪雨の中、腰振りダンスを踊るバニー【紳士向け】,UCyAhRdY5Cv3ozSg9Tifn0pQ,Stug Ironcrow (Gewi inaba),東方mmd豪雨の中腰振りダンスを踊るバニー紳士向け
jDOoytQQkKQ,Skyrim Dance - Rabbit Hole (RE),UC5HX1LlvvgAzcjPhTimqoZw,NecroMatic,skyrim dance  rabbit hole re
JIplFoEEsZM,【MMD】すーぱーそに子（バニーガールVer.）で「ラビットホール」【sdPBR】【4K】,UC26QzzeZOSlkr4P-JPzNRsQ,かおりん MMDシアター -- Kaorin MMD Theater --,mmdすーぱーそに子バニーガールverでラビットホールsdpbr4k
85ob0gykjKw,Skyrim Dance - NewJeans () 'ETA',UC5HX1LlvvgAzcjPhTimqoZw,NecroMatic,skyrim dance  newjeans  eta
gYRJ5q781Ao,Skyrim Dance - aespa  'Whiplash',UC5HX1LlvvgAzcjPhTimqoZw,NecroMatic,skyrim dance  aespa  whiplash
tVDt4zp6Ouc,[Deleted video],NA,NA,deleted video
lkJg64AgkqA,Skyrim Dance - III【hololive】,UC5HX1LlvvgAzcjPhTimqoZw,NecroMatic,skyrim dance  iiihololive
gfVOj0PgMcE,[ プロセカ MMD / r-15 ] 爽快奪回Sunlight [ 桃井愛莉 / 鳳えむ ],UCjQkwgYoK9vb0E6i3qsIZBA,aya,プロセカ mmd  r15  爽快奪回sunlight  桃井愛莉  鳳えむ
Qm99T491xzY,[MMD] LOちゃんのいーあるふぁんくらぶ！！ [PV],UCTfe3ners2OY5KCmmHUOA5w,Mister Pink,mmd loちゃんのいーあるふぁんくらぶ pv
DfvDLj_uqM4,"【MMD/紳士向け】""ナニか""の色が変わるミクさんのconqueror",UCdHKTkGQOqaq6-Y-V0dwPPQ,さぶら,mmd紳士向けナニかの色が変わるミクさんのconqueror
QSlzPM0LHFU,【MMD/紳士向け】ミクさんのギリギリ疑心暗鬼【4K】,UCdHKTkGQOqaq6-Y-V0dwPPQ,さぶら,mmd紳士向けミクさんのギリギリ疑心暗鬼4k
-a1xYbRFlD4,【紳士向け】小悪魔風鹿島でクラブ＝マジェスティ【MMD艦これ】,UCAq3z_3RZF11zYRajSZKA9Q,緊急,紳士向け小悪魔風鹿島でクラブマジェスティmmd艦これ
2_rP-F_BaNE,【紳士向け】ボンデージ風アリスで[A]ddiction(歌詞表示無し版)【東方MMD】,UCAq3z_3RZF11zYRajSZKA9Q,緊急,紳士向けボンデージ風アリスでaddiction歌詞表示無し版東方mmd
WD3TypKURLE,【4K/60FPS ムチムチ×2】[MMD] Еxcuse me - 大人ミク ビキニ  Adult Miku Thick Body bikini,UCEVPsU6C_Jz0iKd92b-h3DQ,トシロー / Tosshy,4k60fps ムチムチ2mmd еxcuse me  大人ミク ビキニ  adult miku thick body bikini
t0IPDfg1M1g,【4K/60FPS】[MMD] 桃源恋歌 TougenRenka - 康熙帝 Kangxi,UCEVPsU6C_Jz0iKd92b-h3DQ,トシロー / Tosshy,4k60fpsmmd 桃源恋歌 tougenrenka  康熙帝 kangxi
7lbQ-bS6HwY,【Fate/MMD】イリヤとクロでロキ【4K60fps】,UCP-Tyo04yW-l88l2lts36RA,はるはる,fatemmdイリヤとクロでロキ4k60fps
dE2E1GLRCn4,[MMD]Booo! part2 紲星あかり 日燒逆バニー,UCY6Iys2GbKPPqVLMDw8AM5g,mmd Hazy,mmdbooo part2 紲星あかり 日燒逆バニー
ReL_xGGob4U,[MMD]Snapping  日燒逆バニー,UCY6Iys2GbKPPqVLMDw8AM5g,mmd Hazy,mmdsnapping  日燒逆バニー
9AOBLz1buA0,【MMD艦これ】響 電「爽快奪回Sunlight」【紳士モニター】4K,UC436_e9iwnhZUkk0i3Atm-Q,Garnet2020,mmd艦これ響 電爽快奪回sunlight紳士モニター4k
aZ9djaBm7Z4,【東方MMD】逆バニー蓮子でGimme×Gimme,UCyAhRdY5Cv3ozSg9Tifn0pQ,Stug Ironcrow (Gewi inaba),東方mmd逆バニー蓮子でgimmegimme
y1u6iyltp2k,[MMD]Abracadabra ミライアカリ 逆バニー,UCY6Iys2GbKPPqVLMDw8AM5g,mmd Hazy,mmdabracadabra ミライアカリ 逆バニー
hrTRFqzfR3o,【Azur Lane MMD/4K 60FPS】Party TonightHMS SiriusRabbit of Paradise x BunnyGirl,UCslyYkDCLsnzrAZU1F5C8Xw,MicaGlorious,azur lane mmd4k 60fpsparty tonighthms siriusrabbit of paradise x bunnygirl
5KB8fqFiaF0,[MMD]III ビキニデフォ服,UCY6Iys2GbKPPqVLMDw8AM5g,mmd Hazy,mmdiii ビキニデフォ服
k-umR8NbTDg,V Akari,UCY6Iys2GbKPPqVLMDw8AM5g,mmd Hazy,v akari
tEJ5TMUo3RI,咲季ちゃんオンステージ【改革的ハートグラフィー/scarlet leap/fusionic addiction/rhythmix to you】,UCZdAySGVeqbssqf6jPMw1YA,HVR Dancing,咲季ちゃんオンステージ改革的ハートグラフィーscarlet leapfusionic addictionrhythmix to you
LzThDXO5hrM,【MMD】極楽浄土【YYB式萌王EX袁世凯】【改変】【4K】,UCtjtcRhIj6fbZhXKxhl2lyw,MasKovMMD,mmd極楽浄土yyb式萌王ex袁世凯改変4k
elnNPyhpd98,【Koikatsu】Mare & Rena - ロキ(ROKI),UCJ3mWoeiKYRteLMLY2r0kJw,七星破軍,koikatsumare  rena  ロキroki
kT3Wc_8ydhE,【紳士向け】プリンツのベリーダンス【Alejandro】【MMD】,UCfilAePS5rjYB93Ly9xv2Wg,ariak,紳士向けプリンツのベリーダンスalejandrommd
dYwLBL9lkk0,【紳士向け】プリンツでSea Breeze【MMD】,UCfilAePS5rjYB93Ly9xv2Wg,ariak,紳士向けプリンツでsea breezemmd
BisYfLaEwdQ,【紳士向け】大和のポールダンス【MMD】,UCfilAePS5rjYB93Ly9xv2Wg,ariak,紳士向け大和のポールダンスmmd
OhZefrTsY1U,【GIRLS' FRONTLINE EXILIUM2 MMD】 robella(RO635)pit babe【ELECT/4K/60FPS 】,UC6tNSfdLjawThFDNk7pt_lg,Mirdyn,girls frontline exilium2 mmd robellaro635pit babeelect4k60fps
o1RhBVbE07M,【紳士向け】大和で[A]ddiction,UCfilAePS5rjYB93Ly9xv2Wg,ariak,紳士向け大和でaddiction
gQkIWSChwGY,【MMD艦これ】第六駆逐隊でGirls　水着Ver　歌詞つき,UCLB4uwLanqA5-aG7vWQtEpw,Sturn2,mmd艦これ第六駆逐隊でgirls　水着ver　歌詞つき
p32UqVfoJz8,【紳士向け】プリンツと山風のベリーダンス,UCfilAePS5rjYB93Ly9xv2Wg,ariak,紳士向けプリンツと山風のベリーダンス
TJspNDTTV2o,【Ray-MMD/ブルーアーカイブ/Blue Archive】水着でMiniskirt【月雪ミヤコ/砂狼シロコ/Sunaokami Shiroko/Tsukiyuki Miyako】,UCZo7ZKWWcUkqus_TCy-EdLg,Silver Cat,raymmdブルーアーカイブblue archive水着でminiskirt月雪ミヤコ砂狼シロコsunaokami shirokotsukiyuki miyako
N-BhQz6oQlA,【Ray-MMD/ブルーアーカイブ/Blue Archive】 WA DA DA【飛鳥馬トキ/砂狼シロコ/早瀬ユウカ/Asuma Toki/Sunaokami Shiroko/Hayase Yuka】,UCZo7ZKWWcUkqus_TCy-EdLg,Silver Cat,raymmdブルーアーカイブblue archive wa da da飛鳥馬トキ砂狼シロコ早瀬ユウカasuma tokisunaokami shirokohayase yuka
89vkSAZy4hY,"【MMD】 「"" どりーみんチュチュ / Dreamin Chuchu ""」 【雪花ラミィ】",UCQEYx3cIP8vtB0fHab0i57A,血液Kuro,mmd  どりーみんチュチュ  dreamin chuchu  雪花ラミィ
heipsuzgwbw,【MMD】白ノエル HIASOBI【紳士向け】,UCtgk6tcRyj9W6EKaLjq9Lcw,lide,mmd白ノエル hiasobi紳士向け
0oaIL_qRqBQ,【MMDアズレン】LUVORATORRRRRY! - バニーネルソン【4K/60FPS】,UCyh_8FqPTdBpmxujSs3GlUw,Gakkura,mmdアズレンluvoratorrrrry  バニーネルソン4k60fps
7MrePPD-ExU,【紳士向け】大和で極楽浄土,UCfilAePS5rjYB93Ly9xv2Wg,ariak,紳士向け大和で極楽浄土
PNsiyipWPrM,【紳士向け】プリンツとマシュでMarionette,UCfilAePS5rjYB93Ly9xv2Wg,ariak,紳士向けプリンツとマシュでmarionette
PHw6LEChjyU,[Deleted video],NA,NA,deleted video
-JjrIdlcLxQ,"[MMDKanColle] ""lamb."" by USS Scamp (SS-277) [Kantai Collection/4K]",UC6tNSfdLjawThFDNk7pt_lg,Mirdyn,mmdkancolle lamb by uss scamp ss277 kantai collection4k
UjYRF7MtrbI,【東方】妖夢でハイファイレイヴァー,UC0IEJqxd37Z3l1njADKw42w,K8スタジオ,東方妖夢でハイファイレイヴァー
ADjrX6Ezsuo,【Fate/MMD】イリヤ クロエ 美遊「ライアーダンス」【微紳士向け】4K,UC436_e9iwnhZUkk0i3Atm-Q,Garnet2020,fatemmdイリヤ クロエ 美遊ライアーダンス微紳士向け4k
zSAAWMI0GLc,【MMDグラブル】水着ビカラでチーズケーキクライシス【モデル配布】,UCO1lEjzQTBfllR6jHY8ySfw,hurohuro_MMD,mmdグラブル水着ビカラでチーズケーキクライシスモデル配布
OzryLF8jY9o,【MMDブルアカ】Sea Breeze（百合園セイア）,UCMdXG_vq3SD8okqFbVRXCxg,ゆずポン酢MMD,mmdブルアカsea breeze百合園セイア
NDPTyMaCmAU,【Koikatsu】Mare & Rena - Glide,UCJ3mWoeiKYRteLMLY2r0kJw,七星破軍,koikatsumare  rena  glide
1OgVTm4QeR4,誇らしきご主人様、良い夢を… -「Good-night kiss」〈シリアス|Sirius|天狼星|アズールレーン|碧蓝航线|Azurlane〉,UCASp23wP_FpAznNVPn30FHw,Rinsyi,誇らしきご主人様良い夢を goodnight kissシリアスsirius天狼星アズールレーン碧蓝航线azurlane
XhOKllk7Yb0,112) コイカツ MMD 4K 60FPS 梅亞メア  Deep Blue Song,UC3JNb2eUxc434Yx65k8AhhQ,七星破軍,112 コイカツ mmd 4k 60fps 梅亞メア  deep blue song
avMU_yiNa98,【MMDグラブル】水着クビラでヒアソビ【Model DL】,UCO1lEjzQTBfllR6jHY8ySfw,hurohuro_MMD,mmdグラブル水着クビラでヒアソビmodel dl
TSCFC4xir0o,【Fate/MMD】マシュでラビットホール【4K60fps】,UCP-Tyo04yW-l88l2lts36RA,はるはる,fatemmdマシュでラビットホール4k60fps
kqs44C6Kifc,【MMD】 Addiction 『Tda式Miku』,UCzt5NtRoHuqBtIlosEOJjgQ,mk-2.0 masa,mmd addiction tda式miku
t4zXSOE8r1s,172) コイカツ   Koikatsu   戀活 MMD   4K   60FPS 梅亞メア おねがいダーリンOnegai Darling,UC3JNb2eUxc434Yx65k8AhhQ,七星破軍,172 コイカツ   koikatsu   戀活 mmd   4k   60fps 梅亞メア おねがいダーリンonegai darling
-JgtzhZ4r2Q,【MMD】シロコでドーナツホール【紳士向け】【4K】,UC8dafF0-cqn3j7Tuyqh_xnw,Miyoko_MMD,mmdシロコでドーナツホール紳士向け4k
J1oJEVzOz8s,【ブルーアーカイブ/Blue Archive/MMD/紳士向け】春原ココナ Primary Star,UCVF4af2Wxpg8sKJj5vBVtCA,うら漏,ブルーアーカイブblue archivemmd紳士向け春原ココナ primary star
sMuXzCIu9NI,【MMD】レミリアとフランでChocolate Cream【紳士向け】,UCyfE6i3tiG3HFuzrUrJsvaQ,なっつん2,mmdレミリアとフランでchocolate cream紳士向け
v0cUowPsBSY,【MMD】HAKU  Bunny Style【60fps】,UCfblx0Ekv7Xlkqm5nK0V-8g,BMJ,mmdhaku  bunny style60fps
XdoSwth0gLs,【MMD　紳士向け】初音ミクでCH4NGE,UCPVOv22bUg62P55uwtAMS2Q,ミクス,mmd　紳士向け初音ミクでch4nge
YSAjdVeVtfo,【MMD艦これ】おめかしろーちゃんで「Lamb.」【せくしーチャイナドレス（再）】,UCg8IKl2CGUcY1c6PIQ_39-A,ハクさん,mmd艦これおめかしろーちゃんでlambせくしーチャイナドレス再
FRQjGJq2zWA,【MMD】Miyu x Aquillia - GETCHA,UCDdSDw0yO5QRtcZpUR5hM2Q,Gena Brown,mmdmiyu x aquillia  getcha
jyC5CfRadm4,【リコリコMMD】錦木千束 井ノ上たきな／HIMEHINA『V』【リコリスリコイル Lycoris Recoil】#ヴィー,UCFeEcSOup5DFGEwkFl2KhMQ,ハウツー,リコリコmmd錦木千束 井ノ上たきなhimehinavリコリスリコイル lycoris recoilヴィー
c8bdAEpMstM,【艦これ】暁と響でRed Velvet - Queendom【4K】【MMD】,UC8dafF0-cqn3j7Tuyqh_xnw,Miyoko_MMD,艦これ暁と響でred velvet  queendom4kmmd
XLw8EUO2tGg,[Deleted video],NA,NA,deleted video
fIwu2p_nEHc,[Deleted video],NA,NA,deleted video
T5AMbPozepY,【Koikatsu】Mare(メア) ヒビカセ,UCJ3mWoeiKYRteLMLY2r0kJw,七星破軍,koikatsumareメア ヒビカセ
Lw5gH-Xt9Uc,【MMD艦これ】浜風で「PASSION」【透けバニー】,UCqeoz2KmVBSAC1GFhSCmGVA,秋風だんご,mmd艦これ浜風でpassion透けバニー
0pbt4eMUb64,【MMD】フランでWiggleWiggle【紳士向け】,UCyfE6i3tiG3HFuzrUrJsvaQ,なっつん2,mmdフランでwigglewiggle紳士向け
bq9r_pV5OuU,【MMD】レミリアで[A]ddiction【紳士向け】,UCyfE6i3tiG3HFuzrUrJsvaQ,なっつん2,mmdレミリアでaddiction紳士向け
n8jldkDM1fg,【MMD】Love Me If You Can／梅とら × ヲタみん × 初音ミク亞北ネル,UCHDgyjMBz1dyVPr674tcbiQ,hiro 140,mmdlove me if you can梅とら  ヲタみん  初音ミク亞北ネル
qUp7Ck4eKHE,[Deleted video],NA,NA,deleted video
iaRh3la7cio,[Deleted video],NA,NA,deleted video
cK_CpDz4nDo,[Deleted video],NA,NA,deleted video
twQ_aTwaeuo,【MMD】るるどらいおん「Gimme×Gimme」[4K],UC7EysChRDcoQbVGMRfhyulw,ゆうG,mmdるるどらいおんgimmegimme4k
_2XLdgKmoFc,【MMD 4K 60FPS】ミクでラビットホール【初音ミク】,UCgouRLIlq97UdG3MFxxSN9A,amatri,mmd 4k 60fpsミクでラビットホール初音ミク
lKpRMULNQZU,【Fate/MMD】イリヤ 美遊 - 『愛包ダンスホール』,UCDdSDw0yO5QRtcZpUR5hM2Q,Gena Brown,fatemmdイリヤ 美遊  愛包ダンスホール
UTJlX-S8uBk,【MMD】Zani   chewy【Wuthering Waves】【60fps】,UCfblx0Ekv7Xlkqm5nK0V-8g,BMJ,mmdzani   chewywuthering waves60fps
ttXvziGopic,深層マーメイド,UCqn__8mEO_vQJIvyfQQfVUg,ぐるるん,深層マーメイド
MyPcxrcafDE,ロー,UCqn__8mEO_vQJIvyfQQfVUg,ぐるるん,ロー
Llb__Ys7ljo,【MMD】響喜乱舞 -Kyouki Ranbu- GARNiDELiA  1080p「MMD弱音ハク」 Yowane Haku,UC2rz4SytCAaFJKakFa9kv9w,Elex11Q,mmd響喜乱舞 kyouki ranbu garnidelia  1080pmmd弱音ハク yowane haku
i2Tjk0QRpfY,【MMD艦これ】わっふぅ上等／つかさ式ワフー【劣等上等/】,UCg8IKl2CGUcY1c6PIQ_39-A,ハクさん,mmd艦これわっふぅ上等つかさ式ワフー劣等上等
geccweb4O2U,［MMD］洛天依x乐正绫-キスキツネ,UC67ReHsB5EG6CoeUieU2rgw,1r0ha__,mmd洛天依x乐正绫キスキツネ
upjuuDl-jHo,[Phoebe] PLAY,UCmcXCNpU4SLZSn7bN4R2_4Q,sakina_mmd,phoebe play
axFnSkiZy7s,【MMD艦これ】第六駆逐隊でDEEP BLUE TOWNへおいでよ　生足Ver 　歌詞つき,UCLB4uwLanqA5-aG7vWQtEpw,Sturn2,mmd艦これ第六駆逐隊でdeep blue townへおいでよ　生足ver 　歌詞つき
uIBEXZNdT-g,【MMD】大人ミク（GANTZ）で「ELECT」【sdPBR】【4K】,UC26QzzeZOSlkr4P-JPzNRsQ,かおりん MMDシアター -- Kaorin MMD Theater --,mmd大人ミクgantzでelectsdpbr4k
-18dxAIKwp8,【MMD】Alya & Yuki / アーリャ & 周防 有希『LADY CRAZY』,UCGjdEAVit4bQsfdSYIi2elQ,Zesta Community,mmdalya  yuki  アーリャ  周防 有希lady crazy
beGq46cxVV8,[MMD] HAKU white Suit (弱音ハク) - Bon bon chocolat,UC44DhYsyWDor1bdW1vRDmWQ,Orion Dobledosis,mmd haku white suit 弱音ハク  bon bon chocolat
BYasj3BCsn8,[MMD] HAKU x LUKA Bunny Suit (弱音ハク - 巡音ルカ) - ROKI/ロキ,UC44DhYsyWDor1bdW1vRDmWQ,Orion Dobledosis,mmd haku x luka bunny suit 弱音ハク  巡音ルカ  rokiロキ
Dye4MWxO1_s,【MMD/ホロライブ】雪ラミィ ラビットホール【紳士向け】【4K】,UCtgk6tcRyj9W6EKaLjq9Lcw,lide,mmdホロライブ雪ラミィ ラビットホール紳士向け4k
CM72H0WJCp0,【MMD】第六駆逐隊でTWICE - Talk that Talk【4K】,UC8dafF0-cqn3j7Tuyqh_xnw,Miyoko_MMD,mmd第六駆逐隊でtwice  talk that talk4k
6rp3iAxHXFo,【MMD艦これ】響で「[A]ddiction」ねこラン白Ver.,UCTvb0tASb5lKPd-Y6SqkKDw,KAGOZO,mmd艦これ響でaddictionねこラン白ver
3QPBNJbXWyM,【BlueArchive/MMD】体操服ユウカで『CH4NGE』【(ブルアカ)4K60F】,UCcHtg_xM5VSb1gvFzxnrbfQ,66 hamu kaze,bluearchivemmd体操服ユウカでch4ngeブルアカ4k60f
nyLKUpNBlM4,【BlueArchive/MMD】『Excuse Me!!(AOA)』【(ブルアカ)4K60F】,UCcHtg_xM5VSb1gvFzxnrbfQ,66 hamu kaze,bluearchivemmdexcuse meaoaブルアカ4k60f
MdnSw6lmZsY,【MMD】風いろは Gimme×Gimme【紳士向け】,UCtgk6tcRyj9W6EKaLjq9Lcw,lide,mmd風いろは gimmegimme紳士向け
FtOKNZFVUSo,【MMD-R18】 愛言葉Ⅲ　フル透けーる　仕事を選べないミクさん,UC0IHtSEW17zA5QMmuq_e9WQ,suwaviola,mmdr18 愛言葉ⅲ　フル透けーる　仕事を選べないミクさん
QwpGWFH7ExM,[mmd] Haku- Bunny Style,UCPy8eZhrW3kdtxq5K011XuA,,mmd haku bunny style
-oXZxnxm6kE,【MMD】Rainbow - A【周防有希】,UCOChn01k-gCHYY367ag6THw,mmd i7,mmdrainbow  a周防有希
2wfjzWj2k50,【MMD艦これ】第六駆逐隊でGirls　生足Ver　歌詞つき,UCLB4uwLanqA5-aG7vWQtEpw,Sturn2,mmd艦これ第六駆逐隊でgirls　生足ver　歌詞つき
tpUvPMhAum4,[Deleted video],NA,NA,deleted video
ryNzSFb3PwE,[Deleted video],NA,NA,deleted video
gqm5hQiaY54,【MMD】Patchwork Staccato,UCAg4Tpyzaumf_e3iZTjflTQ,Qtarooo7,mmdpatchwork staccato
y0EqTg86Y-c,【MMD】ELECT／Lily,UCPZeeXDpUx61K1Mmb-Vu7cg,,mmdelectlily
BcShdrX0rKs,【MMD艦これ】高雄型が南の島に遠征しました。,UCujeIDGFYBousu0j2ciM7bg,天飛帝,mmd艦これ高雄型が南の島に遠征しました
DzN1PsBgnw0,【MMD艦これ】軽巡棲鬼ちゃんもお年頃（紳士向け）,UCujeIDGFYBousu0j2ciM7bg,天飛帝,mmd艦これ軽巡棲鬼ちゃんもお年頃紳士向け
Z9r5RUB_MNQ,"【MMD NIKKE】ラピ＆アリスでヒバナ ""Hibana"" Rapi&Alice 4K",UCColsrw83foJLVX1ZQhFBCw,Kamoowy,mmd nikkeラピアリスでヒバナ hibana rapialice 4k
oHwqPDPkPPY,【MMD艦これ】 雷 Ikazuchi 「ミルククラウンオンソーネチカ / Milk Crown on Sonechka」 4k,UCk1vSE3ggCqe9EJPOUOwSTQ,Squirreltail Animation,mmd艦これ 雷 ikazuchi ミルククラウンオンソーネチカ  milk crown on sonechka 4k
73eyocwAkJQ,【MMD紳士】ハイファイレイヴァー_LoveR_姫乃樹凜世【4k】,UCZAFXJqMFtDKk6wHLOWipOA,469j,mmd紳士ハイファイレイヴァー_lover_姫乃樹凜世4k
6DGZx4CKDZw,【Azur Lane MMD】踊『Sirius』,UCiTBxyR3Wg7pjJR8TCBSYPQ,ひなない,azur lane mmd踊sirius
_4N3kpzItkw,【MMD】ファン撮影会LIVE【紳士向け】,UCrrkbbg5v8O5RPlEaYXTsEw,アダムスミス,mmdファン撮影会live紳士向け
75w4VB8DAe0,シンデレラ - 初音ミク（YYBTDANTつみ）,UCASp23wP_FpAznNVPn30FHw,Rinsyi,シンデレラ  初音ミクyybtdantつみ
IIsL8fCSOjo,[Deleted video],NA,NA,deleted video
xrKDGBAp5es,【東方MMD】気まぐれメルシィ【スリングショット】,UCCCs2JgGg4kYX7Qsb7Ufy4Q,BNK,東方mmd気まぐれメルシィスリングショット
hXyccF7vQXk,【東方MMD】パチュリーでDEEP BLUE TOWNへおいでよ,UCCCs2JgGg4kYX7Qsb7Ufy4Q,BNK,東方mmdパチュリーでdeep blue townへおいでよ
2Brpc-WNQM0,"[MMD] GIRLS und PANZER Maho Nishizumi ""PiNK CAT"" 1080p [KKVMD] *Change of clothes available",UCGF_70PxklQXxJE8YrBBYzQ,ぺーチューブ,mmd girls und panzer maho nishizumi pink cat 1080p kkvmd change of clothes available
4BpVEbt_SNM,[Deleted video],NA,NA,deleted video
Alx_Mpy6S9c,[MMD] “Aibao Dance Hall” with Chinese clothes Ryza & Claudia 1080p [KKVMD],UCGF_70PxklQXxJE8YrBBYzQ,ぺーチューブ,mmd aibao dance hall with chinese clothes ryza  claudia 1080p kkvmd
3XyDSjHywzQ,ちさたきでLADY CRAZY〔Lycoris Recoil - MMD〕 #mmd,UC_OEosFlRK3NLWlqRbTRgSA,たけこべにぃ,ちさたきでlady crazylycoris recoil  mmd mmd
cONwSGplkc4,[4k/MMD/Cycles/Wuthering Waves/The Shorekeeper]EXID - Up & Down,UCLaEwNvXeoJf6DfYQUA_1cQ,人魚de眼淚,4kmmdcycleswuthering wavesthe shorekeeperexid  up  down
oRuxsy6Vq1g,【MMD】萌王EX 袁世凱X元首 - ELECT,UCPxNKDLjcVzVOP2jbxzl9sg,Archer,mmd萌王ex 袁世凱x元首  elect
XT5nz44vmYg,【2K MMD】 LUVORATORRRRRY! --- YYB式-萌王EX-康熙 【96猫】,UCQhJXt8laqVhmxNY6HYeKoQ,GCMH[],2k mmd luvoratorrrrry  yyb式萌王ex康熙 96猫
TDC1_86PSMg,【MMD艦これ】第六駆逐隊【太陽系デスコ】,UCehlarCSJzocwzOQ_zDSyOA,GO GA,mmd艦これ第六駆逐隊太陽系デスコ
-szTCOo0qrQ,[Haku MMD]-Party Tonight,UC67ReHsB5EG6CoeUieU2rgw,1r0ha__,haku mmdparty tonight
cwlTC0heMmI,[Deleted video],NA,NA,deleted video
dhVObSi_-TI,【MMD艦これ】 暁響雷電 「ポーカーフェイス / Poker Face」 4k,UCk1vSE3ggCqe9EJPOUOwSTQ,Squirreltail Animation,mmd艦これ 暁響雷電 ポーカーフェイス  poker face 4k
uP5Aci98ykg,【MMD艦これ】長波でGimme×Gimme,UC8imG63AJI1KYXnr9SGe5Dg,にくお,mmd艦これ長波でgimmegimme
EYTflZrNaZE,【MMD艦これ】 電 Inazuma 「マシュマリー / Marshmary」 4k,UCk1vSE3ggCqe9EJPOUOwSTQ,Squirreltail Animation,mmd艦これ 電 inazuma マシュマリー  marshmary 4k
Vv2IaU3bpYY,きゅんっ！ヴァンパイアガール,UCqn__8mEO_vQJIvyfQQfVUg,ぐるるん,きゅんっヴァンパイアガール
v88nQ0CNjes,【紳士向けMMD】シネマ【プロセカ】,UCkG4gc7-jlrTJ_L7XUwVSPw,Nenerobo,紳士向けmmdシネマプロセカ
MRGkKnmJmao,【MMD艦これ】Marine Bloomin' / 響,UCPDPC48VngteQ1RWahWNM8w,Beni_kn,mmd艦これmarine bloomin  響
9jnhrjFjaNg,【MMD萌王EX】マイクロビキニな康煕帝で[A]ddiction【1440p】,UCQGrY7YrGvEQA88rAgQGfdw,エクセル,mmd萌王exマイクロビキニな康煕帝でaddiction1440p
baFbSym-oYs,【スタマス】ムチムチ透けてるセクシーランジェリー 765AS ソロ全員 MV iDOLMASTER Starlit SeasonDesktop,UCwPLpeLsqhGnCWzatlYFCUA,恥ずかしい765AS,スタマスムチムチ透けてるセクシーランジェリー 765as ソロ全員 mv idolmaster starlit seasondesktop
f36_G8wdWMU,【MMD艦これ】浦風浜風磯風で「妄想疾患■ガール」【バニーVer】,UCqeoz2KmVBSAC1GFhSCmGVA,秋風だんご,mmd艦これ浦風浜風磯風で妄想疾患ガールバニーver
AEm9DCJp-qQ,[Deleted video],NA,NA,deleted video
Iiuzig4ykqQ,"【MMD/4K】Kimagure Mercy - Nonomi, Hanako, Ako, Noah, Wakamo【Blue Archive/ブルアカ】",UCXNsaPZ3M1zt8v3F7O9nUmw,灰居狼,mmd4kkimagure mercy  nonomi hanako ako noah wakamoblue archiveブルアカ
B-xFKyzxRCM,【紳士向け】ボンデージ風アリスで[A]ddiction【東方MMD】,UCAq3z_3RZF11zYRajSZKA9Q,緊急,紳士向けボンデージ風アリスでaddiction東方mmd
n3mvwXgM0dA,[Deleted video],NA,NA,deleted video
WCJeqcO9wbM,[Deleted video],NA,NA,deleted video
NSpwOkhVp2A,[Deleted video],NA,NA,deleted video
9b4deT8n0q0,[Deleted video],NA,NA,deleted video
Tma0zMd8eMM,【MMD】罪人エウルアのご奉仕【紳士向け】,UCrrkbbg5v8O5RPlEaYXTsEw,アダムスミス,mmd罪人エウルアのご奉仕紳士向け
9cNaFpO6ymg,[Deleted video],NA,NA,deleted video
mChTtHAkrww,Rebellion,UCqn__8mEO_vQJIvyfQQfVUg,ぐるるん,rebellion
al6Q8bsnAhA,【MMD】『Expectation()』by こより、いろは、トワ【2160P】60fps,UCBxZmAzTbT1XCJ0SaJnQJpQ,hisapi,mmdexpectationby こよりいろはトワ2160p60fps
jue3DB2bm88,【深空之眼MMD·布料配布】「我愛妳」这句话真是可笑呢,UCUgDpbkAAdTnWsZgU2eEqYQ,YanLinn,深空之眼mmd布料配布我愛妳这句话真是可笑呢
FlAARbyDrEc,[Deleted video],NA,NA,deleted video
pe2P3VW_1DI,【MMD】爽快奪回Sunlight／内田彩佐伯伊織 × 初音ミク亞北ネル,UCHDgyjMBz1dyVPr674tcbiQ,hiro 140,mmd爽快奪回sunlight内田彩佐伯伊織  初音ミク亞北ネル
lc2rjvg3XsA,[MMD/4K](弱音HAKU) -   (Cynical Night Plan),UC04SB1Xe8caVwFEuueE9Pvw,IWANTCA,mmd4k弱音haku    cynical night plan
L6D9lWZAUPI,[Private video],NA,NA,private video
nRh7IdtmC3Q,【MMD】Bronya  Rainbow - A【Honkai Impact 3】,UCfblx0Ekv7Xlkqm5nK0V-8g,BMJ,mmdbronya  rainbow  ahonkai impact 3
HbwLkOd2gKE,【MMD】Bronya  Excuse me【Honkai Impact 3】,UCfblx0Ekv7Xlkqm5nK0V-8g,BMJ,mmdbronya  excuse mehonkai impact 3
0qLX2Ji1fH8,[Deleted video],NA,NA,deleted video
9M2lVEu57Es,[Deleted video],NA,NA,deleted video
S8Qswo2JDpk,[Private video],NA,NA,private video
T-xvOZQMOmQ,[Deleted video],NA,NA,deleted video
YPV7HeoXV68,【MMD】ドラマツルギー (拟剧论)  弱音ハク,UCcddcCkBsbKaFAfKGl4Y6FA,DD-372Cassin,mmdドラマツルギー 拟剧论  弱音ハク
s5LAABl-ZOI,[Deleted video],NA,NA,deleted video
lzv75zb9SVY,[Deleted video],NA,NA,deleted video
y-w3h4tRuC8,[Deleted video],NA,NA,deleted video
